Country,Class,KWh/m^2/day,Avg DHI,,KWh/m^2/day,Class,Capacity Factor
Afghanistan,1,<=3,2,,<= 3,1,12.03096
Afghanistan,2,3-3.5,3.25,,3 - 3.5,2,15.52001
Afghanistan,3,3.5-4,3.75,,3.5 - 4,3,17.91658
Afghanistan,4,4-4.5,4.25,,4 - 4.5,4,21.29447
Afghanistan,5,4.5-5,4.75,,4.5 - 5,5,24.655035
Afghanistan,6,5-6.25,5.625,,5 - 6.25,6,29.20168327
Afghanistan,7,6.25-7.25,6.75,,6.25 - 7.25,7,36.71121832
Albania,4,4-4.5,4.25,,7.25 - 7.5,8,41.22834286
Albania,6,5-6.25,5.625,,7.5 - 7.75,9,42.152525
Albania,7,6.25-7.25,6.75,,> 7.75,10,43.43753333
Algeria,10,>7.75,9,,"F2 to F11 are measures of DNI ranges, I want averages of these ranges, so that I can then average the DNI per country on colab",,
Algeria,2,3-3.5,3.25,,Average DNI,Class,
Algeria,3,3.5-4,3.75,,2,1,"#This formula will round the number in cell H15 to the nearest integer using the ROUND function, and then subtract 1 from the rounded integer using the INT function."
Algeria,4,4-4.5,4.25,,3.25,2,"#This formula will look up the values in the cells in the range F3:F10, and take the average of each range, respectively, into F15:F22"
Algeria,5,4.5-5,4.75,,3.75,3,"#This formula will look up the values in the cells in the range F3:F10, and take the average of each range, respectively, into F15:F23"
Algeria,6,5-6.25,5.625,,4.25,4,"#This formula will look up the values in the cells in the range F3:F10, and take the average of each range, respectively, into F15:F24"
Algeria,7,6.25-7.25,6.75,,4.75,5,"#This formula will look up the values in the cells in the range F3:F10, and take the average of each range, respectively, into F15:F25"
Algeria,8,7.25-7.5,7.375,,5.625,6,"#This formula will look up the values in the cells in the range F3:F10, and take the average of each range, respectively, into F15:F26"
Algeria,9,7.5-7.75,7.625,,6.75,7,"#This formula will look up the values in the cells in the range F3:F10, and take the average of each range, respectively, into F15:F27"
American Samoa,6,5-6.25,5.625,,7.375,8,"#This formula will look up the values in the cells in the range F3:F10, and take the average of each range, respectively, into F15:F28"
Andorra,7,6.25-7.25,6.75,,7.625,9,"#This formula will look up the values in the cells in the range F3:F10, and take the average of each range, respectively, into F15:F29"
Angola,1,<=3,2,,9,10,"#This formula will round the number in cell H15 to the nearest integer using the ROUND function, and then add 1 from the rounded integer using the INT function."
Angola,2,3-3.5,3.25,,,,
Angola,3,3.5-4,3.75,,,,"#These formulas make the replicability of this scale feasible as it's not an estimate of how over or below the numbers will from 7.75 and 3, respectively, but rather a fair jump considering the distance between the other points. Thus representing numbers that are vary from the usual separation but maintain plausible distance"
Angola,4,4-4.5,4.25,,,,
Angola,5,4.5-5,4.75,,,,
Angola,6,5-6.25,5.625,,,,
Angola,7,6.25-7.25,6.75,,,,
Anguilla,6,5-6.25,5.625,,,,
Antarctica,1,<=3,2,,,,
Antarctica,10,>7.75,9,,,,
Antarctica,2,3-3.5,3.25,,,,
Antarctica,3,3.5-4,3.75,,,,
Antarctica,4,4-4.5,4.25,,,,
Antarctica,5,4.5-5,4.75,,,,
Antarctica,6,5-6.25,5.625,,,,
Antarctica,7,6.25-7.25,6.75,,,,
Antarctica,8,7.25-7.5,7.375,,,,
Antarctica,9,7.5-7.75,7.625,,,,
Antigua & Barbuda,4,4-4.5,4.25,,,,
Antigua & Barbuda,5,4.5-5,4.75,,,,
Argentina,1,<=3,2,,,,
Argentina,10,>7.75,9,,,,
Argentina,2,3-3.5,3.25,,,,
Argentina,3,3.5-4,3.75,,,,
Argentina,4,4-4.5,4.25,,,,
Argentina,5,4.5-5,4.75,,,,
Argentina,6,5-6.25,5.625,,,,
Argentina,7,6.25-7.25,6.75,,,,
Argentina,8,7.25-7.5,7.375,,,,
Argentina,9,7.5-7.75,7.625,,,,
Armenia,2,3-3.5,3.25,,,,
Armenia,3,3.5-4,3.75,,,,
Armenia,4,4-4.5,4.25,,,,
Armenia,5,4.5-5,4.75,,,,
Armenia,6,5-6.25,5.625,,,,
Aruba,5,4.5-5,4.75,,,,
Aruba,6,5-6.25,5.625,,,,
Australia,10,>7.75,9,,,,
Australia,2,3-3.5,3.25,,,,
Australia,3,3.5-4,3.75,,,,
Australia,4,4-4.5,4.25,,,,
Australia,5,4.5-5,4.75,,,,
Australia,6,5-6.25,5.625,,,,
Australia,7,6.25-7.25,6.75,,,,
Australia,8,7.25-7.5,7.375,,,,
Australia,9,7.5-7.75,7.625,,,,
Austria,4,4-4.5,4.25,,,,
Austria,5,4.5-5,4.75,,,,
Austria,6,5-6.25,5.625,,,,
Austria,7,6.25-7.25,6.75,,,,
Azerbaijan,1,<=3,2,,,,
Azerbaijan,2,3-3.5,3.25,,,,
Azerbaijan,3,3.5-4,3.75,,,,
Azerbaijan,4,4-4.5,4.25,,,,
Azerbaijan,5,4.5-5,4.75,,,,
Azerbaijan,6,5-6.25,5.625,,,,
Bahrain,7,6.25-7.25,6.75,,,,
Baker I.,7,6.25-7.25,6.75,,,,
Bangladesh,1,<=3,2,,,,
Bangladesh,2,3-3.5,3.25,,,,
Bangladesh,3,3.5-4,3.75,,,,
Bangladesh,4,4-4.5,4.25,,,,
Bangladesh,5,4.5-5,4.75,,,,
Bangladesh,6,5-6.25,5.625,,,,
Barbados,4,4-4.5,4.25,,,,
Barbados,5,4.5-5,4.75,,,,
Belarus,4,4-4.5,4.25,,,,
Belarus,5,4.5-5,4.75,,,,
Belgium,1,<=3,2,,,,
Belgium,2,3-3.5,3.25,,,,
Belgium,3,3.5-4,3.75,,,,
Belgium,4,4-4.5,4.25,,,,
Belize,2,3-3.5,3.25,,,,
Belize,3,3.5-4,3.75,,,,
Belize,4,4-4.5,4.25,,,,
Benin,1,<=3,2,,,,
Benin,2,3-3.5,3.25,,,,
Benin,3,3.5-4,3.75,,,,
Benin,4,4-4.5,4.25,,,,
Bermuda,6,5-6.25,5.625,,,,
Bhutan,1,<=3,2,,,,
Bhutan,2,3-3.5,3.25,,,,
Bhutan,3,3.5-4,3.75,,,,
Bhutan,4,4-4.5,4.25,,,,
Bhutan,5,4.5-5,4.75,,,,
Bhutan,6,5-6.25,5.625,,,,
Bolivia,10,>7.75,9,,,,
Bolivia,2,3-3.5,3.25,,,,
Bolivia,3,3.5-4,3.75,,,,
Bolivia,4,4-4.5,4.25,,,,
Bolivia,5,4.5-5,4.75,,,,
Bolivia,6,5-6.25,5.625,,,,
Bolivia,7,6.25-7.25,6.75,,,,
Bolivia,8,7.25-7.5,7.375,,,,
Bolivia,9,7.5-7.75,7.625,,,,
Bosnia Herzegovina,5,4.5-5,4.75,,,,
Bosnia Herzegovina,6,5-6.25,5.625,,,,
Bosnia Herzegovina,7,6.25-7.25,6.75,,,,
Botswana,10,>7.75,9,,,,
Botswana,6,5-6.25,5.625,,,,
Botswana,7,6.25-7.25,6.75,,,,
Botswana,8,7.25-7.5,7.375,,,,
Botswana,9,7.5-7.75,7.625,,,,
Bouvet I.,1,<=3,2,,,,
Brazil,1,<=3,2,,,,
Brazil,2,3-3.5,3.25,,,,
Brazil,3,3.5-4,3.75,,,,
Brazil,4,4-4.5,4.25,,,,
Brazil,5,4.5-5,4.75,,,,
Brazil,6,5-6.25,5.625,,,,
Brazil,7,6.25-7.25,6.75,,,,
British Indian Ocean Territory,6,5-6.25,5.625,,,,
British Virgin Is.,6,5-6.25,5.625,,,,
Brunei,4,4-4.5,4.25,,,,
Brunei,5,4.5-5,4.75,,,,
Brunei,6,5-6.25,5.625,,,,
Bulgaria,2,3-3.5,3.25,,,,
Bulgaria,3,3.5-4,3.75,,,,
Bulgaria,4,4-4.5,4.25,,,,
Bulgaria,5,4.5-5,4.75,,,,
Bulgaria,6,5-6.25,5.625,,,,
Burkina Faso,2,3-3.5,3.25,,,,
Burkina Faso,3,3.5-4,3.75,,,,
Burkina Faso,4,4-4.5,4.25,,,,
Burkina Faso,5,4.5-5,4.75,,,,
Burundi,1,<=3,2,,,,
Burundi,2,3-3.5,3.25,,,,
Burundi,3,3.5-4,3.75,,,,
Burundi,4,4-4.5,4.25,,,,
Cambodia,1,<=3,2,,,,
Cambodia,2,3-3.5,3.25,,,,
Cambodia,3,3.5-4,3.75,,,,
Cambodia,4,4-4.5,4.25,,,,
Cambodia,5,4.5-5,4.75,,,,
Cameroon,1,<=3,2,,,,
Cameroon,2,3-3.5,3.25,,,,
Cameroon,3,3.5-4,3.75,,,,
Cameroon,4,4-4.5,4.25,,,,
Cameroon,5,4.5-5,4.75,,,,
Cameroon,6,5-6.25,5.625,,,,
Canada,1,<=3,2,,,,
Canada,2,3-3.5,3.25,,,,
Canada,3,3.5-4,3.75,,,,
Canada,4,4-4.5,4.25,,,,
Canada,5,4.5-5,4.75,,,,
Cape Verde,7,6.25-7.25,6.75,,,,
Cayman Is.,4,4-4.5,4.25,,,,
Cayman Is.,5,4.5-5,4.75,,,,
Central African Republic,1,<=3,2,,,,
Central African Republic,2,3-3.5,3.25,,,,
Central African Republic,3,3.5-4,3.75,,,,
Central African Republic,4,4-4.5,4.25,,,,
Central African Republic,5,4.5-5,4.75,,,,
Central African Republic,6,5-6.25,5.625,,,,
Chad,10,>7.75,9,,,,
Chad,3,3.5-4,3.75,,,,
Chad,4,4-4.5,4.25,,,,
Chad,5,4.5-5,4.75,,,,
Chad,6,5-6.25,5.625,,,,
Chad,7,6.25-7.25,6.75,,,,
Chad,8,7.25-7.5,7.375,,,,
Chad,9,7.5-7.75,7.625,,,,
Chile,1,<=3,2,,,,
Chile,10,>7.75,9,,,,
Chile,2,3-3.5,3.25,,,,
Chile,3,3.5-4,3.75,,,,
Chile,4,4-4.5,4.25,,,,
Chile,5,4.5-5,4.75,,,,
Chile,6,5-6.25,5.625,,,,
Chile,7,6.25-7.25,6.75,,,,
Chile,8,7.25-7.5,7.375,,,,
Chile,9,7.5-7.75,7.625,,,,
China,1,<=3,2,,,,
China,10,>7.75,9,,,,
China,2,3-3.5,3.25,,,,
China,3,3.5-4,3.75,,,,
China,4,4-4.5,4.25,,,,
China,5,4.5-5,4.75,,,,
China,6,5-6.25,5.625,,,,
China,7,6.25-7.25,6.75,,,,
China,8,7.25-7.5,7.375,,,,
China,9,7.5-7.75,7.625,,,,
Christmas I.,6,5-6.25,5.625,,,,
Cocos Is.,6,5-6.25,5.625,,,,
Colombia,1,<=3,2,,,,
Colombia,2,3-3.5,3.25,,,,
Colombia,3,3.5-4,3.75,,,,
Colombia,4,4-4.5,4.25,,,,
Colombia,5,4.5-5,4.75,,,,
Colombia,6,5-6.25,5.625,,,,
Colombia,7,6.25-7.25,6.75,,,,
Colombia,8,7.25-7.5,7.375,,,,
Colombia,9,7.5-7.75,7.625,,,,
Comoros,4,4-4.5,4.25,,,,
Comoros,5,4.5-5,4.75,,,,
Comoros,6,5-6.25,5.625,,,,
Congo,1,<=3,2,,,,
Congo,1,<=3,2,,,,
Congo,2,3-3.5,3.25,,,,
Congo,3,3.5-4,3.75,,,,
Congo,4,4-4.5,4.25,,,,
Congo,5,4.5-5,4.75,,,,
Congo,6,5-6.25,5.625,,,,
Cook Is.,6,5-6.25,5.625,,,,
Costa Rica,1,<=3,2,,,,
Costa Rica,2,3-3.5,3.25,,,,
Costa Rica,3,3.5-4,3.75,,,,
Costa Rica,4,4-4.5,4.25,,,,
Costa Rica,5,4.5-5,4.75,,,,
Costa Rica,6,5-6.25,5.625,,,,
Costa Rica,7,6.25-7.25,6.75,,,,
Ivory Coast,1,<=3,2,,,,
Ivory Coast,2,3-3.5,3.25,,,,
Ivory Coast,3,3.5-4,3.75,,,,
Ivory Coast,4,4-4.5,4.25,,,,
Croatia,3,3.5-4,3.75,,,,
Croatia,4,4-4.5,4.25,,,,
Croatia,5,4.5-5,4.75,,,,
Croatia,6,5-6.25,5.625,,,,
Croatia,7,6.25-7.25,6.75,,,,
Cuba,4,4-4.5,4.25,,,,
Cuba,5,4.5-5,4.75,,,,
Cuba,6,5-6.25,5.625,,,,
Cuba,7,6.25-7.25,6.75,,,,
Cyprus,4,4-4.5,4.25,,,,
Cyprus,5,4.5-5,4.75,,,,
Cyprus,6,5-6.25,5.625,,,,
Cyprus,7,6.25-7.25,6.75,,,,
Cyprus,8,7.25-7.5,7.375,,,,
Czech Republic,3,3.5-4,3.75,,,,
Czech Republic,4,4-4.5,4.25,,,,
Denmark,1,<=3,2,,,,
Denmark,2,3-3.5,3.25,,,,
Denmark,3,3.5-4,3.75,,,,
Denmark,4,4-4.5,4.25,,,,
Djibouti,3,3.5-4,3.75,,,,
Djibouti,4,4-4.5,4.25,,,,
Djibouti,5,4.5-5,4.75,,,,
Djibouti,6,5-6.25,5.625,,,,
Dominica,3,3.5-4,3.75,,,,
Dominica,4,4-4.5,4.25,,,,
Dominica,5,4.5-5,4.75,,,,
Dominican Republic,4,4-4.5,4.25,,,,
Dominican Republic,5,4.5-5,4.75,,,,
Dominican Republic,6,5-6.25,5.625,,,,
Dominican Republic,7,6.25-7.25,6.75,,,,
Ecuador,1,<=3,2,,,,
Ecuador,2,3-3.5,3.25,,,,
Ecuador,3,3.5-4,3.75,,,,
Ecuador,4,4-4.5,4.25,,,,
Ecuador,6,5-6.25,5.625,,,,
Ecuador,7,6.25-7.25,6.75,,,,
Egypt,10,>7.75,9,,,,
Egypt,4,4-4.5,4.25,,,,
Egypt,5,4.5-5,4.75,,,,
Egypt,6,5-6.25,5.625,,,,
Egypt,7,6.25-7.25,6.75,,,,
Egypt,8,7.25-7.5,7.375,,,,
Egypt,9,7.5-7.75,7.625,,,,
El Salvador,6,5-6.25,5.625,,,,
El Salvador,7,6.25-7.25,6.75,,,,
Equatorial Guinea,1,<=3,2,,,,
Eritrea,2,3-3.5,3.25,,,,
Eritrea,3,3.5-4,3.75,,,,
Eritrea,4,4-4.5,4.25,,,,
Eritrea,5,4.5-5,4.75,,,,
Eritrea,6,5-6.25,5.625,,,,
Eritrea,7,6.25-7.25,6.75,,,,
Estonia,2,3-3.5,3.25,,,,
Estonia,3,3.5-4,3.75,,,,
Estonia,4,4-4.5,4.25,,,,
Estonia,5,4.5-5,4.75,,,,
Ethiopia,1,<=3,2,,,,
Ethiopia,2,3-3.5,3.25,,,,
Ethiopia,3,3.5-4,3.75,,,,
Ethiopia,4,4-4.5,4.25,,,,
Ethiopia,5,4.5-5,4.75,,,,
Ethiopia,6,5-6.25,5.625,,,,
Ethiopia,7,6.25-7.25,6.75,,,,
Falkland Is.,3,3.5-4,3.75,,,,
Falkland Is.,4,4-4.5,4.25,,,,
Faroe Is.,1,<=3,2,,,,
Faroe Is.,2,3-3.5,3.25,,,,
Fiji,4,4-4.5,4.25,,,,
Fiji,5,4.5-5,4.75,,,,
Fiji,6,5-6.25,5.625,,,,
Finland,2,3-3.5,3.25,,,,
Finland,3,3.5-4,3.75,,,,
Finland,4,4-4.5,4.25,,,,
Finland,5,4.5-5,4.75,,,,
France,1,<=3,2,,,,
France,2,3-3.5,3.25,,,,
France,3,3.5-4,3.75,,,,
France,4,4-4.5,4.25,,,,
France,5,4.5-5,4.75,,,,
France,6,5-6.25,5.625,,,,
France,7,6.25-7.25,6.75,,,,
French Guiana,3,3.5-4,3.75,,,,
French Guiana,4,4-4.5,4.25,,,,
French Guiana,5,4.5-5,4.75,,,,
French Guiana,6,5-6.25,5.625,,,,
French Polynesia,6,5-6.25,5.625,,,,
French Southern & Antarctic Lands,1,<=3,2,,,,
French Southern & Antarctic Lands,2,3-3.5,3.25,,,,
Gabon,1,<=3,2,,,,
Gaza Strip,5,4.5-5,4.75,,,,
Gaza Strip,6,5-6.25,5.625,,,,
Georgia,2,3-3.5,3.25,,,,
Georgia,3,3.5-4,3.75,,,,
Georgia,4,4-4.5,4.25,,,,
Georgia,5,4.5-5,4.75,,,,
Georgia,6,5-6.25,5.625,,,,
Germany,1,<=3,2,,,,
Germany,3,3.5-4,3.75,,,,
Germany,4,4-4.5,4.25,,,,
Germany,5,4.5-5,4.75,,,,
Germany,6,5-6.25,5.625,,,,
Ghana,1,<=3,2,,,,
Ghana,2,3-3.5,3.25,,,,
Ghana,3,3.5-4,3.75,,,,
Ghana,4,4-4.5,4.25,,,,
Ghana,5,4.5-5,4.75,,,,
Ghana,6,5-6.25,5.625,,,,
Gibraltar,4,4-4.5,4.25,,,,
Glorioso Is.,5,4.5-5,4.75,,,,
Greece,3,3.5-4,3.75,,,,
Greece,4,4-4.5,4.25,,,,
Greece,5,4.5-5,4.75,,,,
Greece,6,5-6.25,5.625,,,,
Greece,7,6.25-7.25,6.75,,,,
Greenland,1,<=3,2,,,,
Greenland,2,3-3.5,3.25,,,,
Greenland,3,3.5-4,3.75,,,,
Greenland,4,4-4.5,4.25,,,,
Greenland,5,4.5-5,4.75,,,,
Greenland,6,5-6.25,5.625,,,,
Grenada,4,4-4.5,4.25,,,,
Guadeloupe,4,4-4.5,4.25,,,,
Guadeloupe,5,4.5-5,4.75,,,,
Guam,7,6.25-7.25,6.75,,,,
Guatemala,2,3-3.5,3.25,,,,
Guatemala,3,3.5-4,3.75,,,,
Guatemala,4,4-4.5,4.25,,,,
Guatemala,5,4.5-5,4.75,,,,
Guatemala,6,5-6.25,5.625,,,,
Guatemala,7,6.25-7.25,6.75,,,,
Guernsey,3,3.5-4,3.75,,,,
Guernsey,5,4.5-5,4.75,,,,
Guinea,1,<=3,2,,,,
Guinea,2,3-3.5,3.25,,,,
Guinea,3,3.5-4,3.75,,,,
Guinea,4,4-4.5,4.25,,,,
Guinea-Bissau,1,<=3,2,,,,
Guinea-Bissau,2,3-3.5,3.25,,,,
Guinea-Bissau,3,3.5-4,3.75,,,,
Guyana,3,3.5-4,3.75,,,,
Guyana,4,4-4.5,4.25,,,,
Guyana,5,4.5-5,4.75,,,,
Guyana,6,5-6.25,5.625,,,,
Haiti,5,4.5-5,4.75,,,,
Haiti,6,5-6.25,5.625,,,,
Haiti,7,6.25-7.25,6.75,,,,
Heard I. & McDonald Is.,1,<=3,2,,,,
Honduras,2,3-3.5,3.25,,,,
Honduras,3,3.5-4,3.75,,,,
Honduras,4,4-4.5,4.25,,,,
Honduras,5,4.5-5,4.75,,,,
Honduras,6,5-6.25,5.625,,,,
Honduras,7,6.25-7.25,6.75,,,,
Howland I.,7,6.25-7.25,6.75,,,,
Hungary,4,4-4.5,4.25,,,,
Hungary,5,4.5-5,4.75,,,,
Hungary,6,5-6.25,5.625,,,,
Iceland,1,<=3,2,,,,
Iceland,2,3-3.5,3.25,,,,
Iceland,3,3.5-4,3.75,,,,
Iceland,4,4-4.5,4.25,,,,
India,1,<=3,2,,,,
India,10,>7.75,9,,,,
India,2,3-3.5,3.25,,,,
India,3,3.5-4,3.75,,,,
India,4,4-4.5,4.25,,,,
India,5,4.5-5,4.75,,,,
India,6,5-6.25,5.625,,,,
India,7,6.25-7.25,6.75,,,,
India,8,7.25-7.5,7.375,,,,
India,9,7.5-7.75,7.625,,,,
Indonesia,2,3-3.5,3.25,,,,
Indonesia,3,3.5-4,3.75,,,,
Indonesia,4,4-4.5,4.25,,,,
Indonesia,5,4.5-5,4.75,,,,
Indonesia,6,5-6.25,5.625,,,,
Indonesia,7,6.25-7.25,6.75,,,,
Indonesia,8,7.25-7.5,7.375,,,,
Iran,1,<=3,2,,,,
Iran,10,>7.75,9,,,,
Iran,2,3-3.5,3.25,,,,
Iran,3,3.5-4,3.75,,,,
Iran,4,4-4.5,4.25,,,,
Iran,5,4.5-5,4.75,,,,
Iran,6,5-6.25,5.625,,,,
Iran,7,6.25-7.25,6.75,,,,
Iran,8,7.25-7.5,7.375,,,,
Iran,9,7.5-7.75,7.625,,,,
Iraq,5,4.5-5,4.75,,,,
Iraq,6,5-6.25,5.625,,,,
Iraq,7,6.25-7.25,6.75,,,,
Ireland,1,<=3,2,,,,
Ireland,3,3.5-4,3.75,,,,
Ireland,4,4-4.5,4.25,,,,
Isle of Man,1,<=3,2,,,,
Isle of Man,3,3.5-4,3.75,,,,
Israel,5,4.5-5,4.75,,,,
Israel,6,5-6.25,5.625,,,,
Israel,7,6.25-7.25,6.75,,,,
Italy,2,3-3.5,3.25,,,,
Italy,3,3.5-4,3.75,,,,
Italy,4,4-4.5,4.25,,,,
Italy,5,4.5-5,4.75,,,,
Italy,6,5-6.25,5.625,,,,
Italy,7,6.25-7.25,6.75,,,,
Italy,8,7.25-7.5,7.375,,,,
Italy,9,7.5-7.75,7.625,,,,
Jamaica,4,4-4.5,4.25,,,,
Jamaica,5,4.5-5,4.75,,,,
Jamaica,6,5-6.25,5.625,,,,
Jan Mayen,1,<=3,2,,,,
Jan Mayen,2,3-3.5,3.25,,,,
Jan Mayen,3,3.5-4,3.75,,,,
Japan,2,3-3.5,3.25,,,,
Japan,3,3.5-4,3.75,,,,
Japan,4,4-4.5,4.25,,,,
Japan,5,4.5-5,4.75,,,,
Jarvis I.,9,7.5-7.75,7.625,,,,
Jersey,3,3.5-4,3.75,,,,
Jersey,5,4.5-5,4.75,,,,
Johnston Atoll,7,6.25-7.25,6.75,,,,
Jordan,6,5-6.25,5.625,,,,
Jordan,7,6.25-7.25,6.75,,,,
Jordan,8,7.25-7.5,7.375,,,,
Juan De Nova I.,5,4.5-5,4.75,,,,
Kazakhstan,2,3-3.5,3.25,,,,
Kazakhstan,3,3.5-4,3.75,,,,
Kazakhstan,4,4-4.5,4.25,,,,
Kazakhstan,5,4.5-5,4.75,,,,
Kazakhstan,6,5-6.25,5.625,,,,
Kenya,1,<=3,2,,,,
Kenya,2,3-3.5,3.25,,,,
Kenya,3,3.5-4,3.75,,,,
Kenya,4,4-4.5,4.25,,,,
Kenya,5,4.5-5,4.75,,,,
Kenya,6,5-6.25,5.625,,,,
Kenya,7,6.25-7.25,6.75,,,,
Kiribati,8,7.25-7.5,7.375,,,,
Kuwait,3,3.5-4,3.75,,,,
Kuwait,4,4-4.5,4.25,,,,
Kuwait,5,4.5-5,4.75,,,,
Kuwait,6,5-6.25,5.625,,,,
Kyrgyzstan,1,<=3,2,,,,
Kyrgyzstan,2,3-3.5,3.25,,,,
Kyrgyzstan,3,3.5-4,3.75,,,,
Kyrgyzstan,4,4-4.5,4.25,,,,
Kyrgyzstan,5,4.5-5,4.75,,,,
Kyrgyzstan,6,5-6.25,5.625,,,,
Kyrgyzstan,7,6.25-7.25,6.75,,,,
Laos,1,<=3,2,,,,
Laos,2,3-3.5,3.25,,,,
Laos,3,3.5-4,3.75,,,,
Laos,4,4-4.5,4.25,,,,
Laos,5,4.5-5,4.75,,,,
Latvia,2,3-3.5,3.25,,,,
Latvia,3,3.5-4,3.75,,,,
Latvia,4,4-4.5,4.25,,,,
Latvia,5,4.5-5,4.75,,,,
Lebanon,5,4.5-5,4.75,,,,
Lebanon,6,5-6.25,5.625,,,,
Lebanon,7,6.25-7.25,6.75,,,,
Lebanon,8,7.25-7.5,7.375,,,,
Lesotho,6,5-6.25,5.625,,,,
Lesotho,7,6.25-7.25,6.75,,,,
Liberia,1,<=3,2,,,,
Libya,10,>7.75,9,,,,
Libya,3,3.5-4,3.75,,,,
Libya,4,4-4.5,4.25,,,,
Libya,5,4.5-5,4.75,,,,
Libya,6,5-6.25,5.625,,,,
Libya,7,6.25-7.25,6.75,,,,
Libya,8,7.25-7.5,7.375,,,,
Libya,9,7.5-7.75,7.625,,,,
Liechtenstein,5,4.5-5,4.75,,,,
Liechtenstein,6,5-6.25,5.625,,,,
Lithuania,2,3-3.5,3.25,,,,
Lithuania,3,3.5-4,3.75,,,,
Lithuania,4,4-4.5,4.25,,,,
Lithuania,5,4.5-5,4.75,,,,
Luxembourg,3,3.5-4,3.75,,,,
Luxembourg,4,4-4.5,4.25,,,,
Macedonia,6,5-6.25,5.625,,,,
Macedonia,7,6.25-7.25,6.75,,,,
Madagascar,1,<=3,2,,,,
Madagascar,2,3-3.5,3.25,,,,
Madagascar,3,3.5-4,3.75,,,,
Madagascar,4,4-4.5,4.25,,,,
Madagascar,5,4.5-5,4.75,,,,
Madagascar,6,5-6.25,5.625,,,,
Madagascar,7,6.25-7.25,6.75,,,,
Madagascar,8,7.25-7.5,7.375,,,,
Malawi,2,3-3.5,3.25,,,,
Malawi,3,3.5-4,3.75,,,,
Malawi,4,4-4.5,4.25,,,,
Malawi,5,4.5-5,4.75,,,,
Malawi,6,5-6.25,5.625,,,,
Malaysia,2,3-3.5,3.25,,,,
Malaysia,3,3.5-4,3.75,,,,
Malaysia,4,4-4.5,4.25,,,,
Malaysia,5,4.5-5,4.75,,,,
Malaysia,6,5-6.25,5.625,,,,
Maldives,6,5-6.25,5.625,,,,
Mali,2,3-3.5,3.25,,,,
Mali,3,3.5-4,3.75,,,,
Mali,4,4-4.5,4.25,,,,
Mali,5,4.5-5,4.75,,,,
Mali,6,5-6.25,5.625,,,,
Malta,3,3.5-4,3.75,,,,
Malta,4,4-4.5,4.25,,,,
Malta,8,7.25-7.5,7.375,,,,
Marshall Is.,6,5-6.25,5.625,,,,
Martinique,4,4-4.5,4.25,,,,
Mauritania,2,3-3.5,3.25,,,,
Mauritania,3,3.5-4,3.75,,,,
Mauritania,4,4-4.5,4.25,,,,
Mauritania,5,4.5-5,4.75,,,,
Mauritania,6,5-6.25,5.625,,,,
Mauritius,3,3.5-4,3.75,,,,
Mauritius,5,4.5-5,4.75,,,,
Mauritius,6,5-6.25,5.625,,,,
Mayotte,3,3.5-4,3.75,,,,
Mayotte,5,4.5-5,4.75,,,,
Mexico,10,>7.75,9,,,,
Mexico,2,3-3.5,3.25,,,,
Mexico,3,3.5-4,3.75,,,,
Mexico,4,4-4.5,4.25,,,,
Mexico,5,4.5-5,4.75,,,,
Mexico,6,5-6.25,5.625,,,,
Mexico,7,6.25-7.25,6.75,,,,
Mexico,8,7.25-7.5,7.375,,,,
Mexico,9,7.5-7.75,7.625,,,,
Micronesia,6,5-6.25,5.625,,,,
Midway Is.,6,5-6.25,5.625,,,,
Moldova,6,5-6.25,5.625,,,,
Monaco,6,5-6.25,5.625,,,,
Monaco,7,6.25-7.25,6.75,,,,
Mongolia,1,<=3,2,,,,
Mongolia,2,3-3.5,3.25,,,,
Mongolia,3,3.5-4,3.75,,,,
Mongolia,4,4-4.5,4.25,,,,
Mongolia,5,4.5-5,4.75,,,,
Mongolia,6,5-6.25,5.625,,,,
Mongolia,7,6.25-7.25,6.75,,,,
Montenegro,5,4.5-5,4.75,,,,
Montenegro,6,5-6.25,5.625,,,,
Montenegro,7,6.25-7.25,6.75,,,,
Montserrat,5,4.5-5,4.75,,,,
Morocco,1,<=3,2,,,,
Morocco,10,>7.75,9,,,,
Morocco,2,3-3.5,3.25,,,,
Morocco,3,3.5-4,3.75,,,,
Morocco,4,4-4.5,4.25,,,,
Morocco,5,4.5-5,4.75,,,,
Morocco,6,5-6.25,5.625,,,,
Morocco,7,6.25-7.25,6.75,,,,
Morocco,8,7.25-7.5,7.375,,,,
Morocco,9,7.5-7.75,7.625,,,,
Mozambique,2,3-3.5,3.25,,,,
Mozambique,3,3.5-4,3.75,,,,
Mozambique,4,4-4.5,4.25,,,,
Mozambique,5,4.5-5,4.75,,,,
Mozambique,6,5-6.25,5.625,,,,
Myanmar,1,<=3,2,,,,
Myanmar,2,3-3.5,3.25,,,,
Myanmar,3,3.5-4,3.75,,,,
Myanmar,4,4-4.5,4.25,,,,
Myanmar,5,4.5-5,4.75,,,,
Myanmar,6,5-6.25,5.625,,,,
Namibia,10,>7.75,9,,,,
Namibia,2,3-3.5,3.25,,,,
Namibia,3,3.5-4,3.75,,,,
Namibia,4,4-4.5,4.25,,,,
Namibia,5,4.5-5,4.75,,,,
Namibia,6,5-6.25,5.625,,,,
Namibia,7,6.25-7.25,6.75,,,,
Namibia,8,7.25-7.5,7.375,,,,
Namibia,9,7.5-7.75,7.625,,,,
Nauru,7,6.25-7.25,6.75,,,,
Nepal,1,<=3,2,,,,
Nepal,10,>7.75,9,,,,
Nepal,2,3-3.5,3.25,,,,
Nepal,3,3.5-4,3.75,,,,
Nepal,4,4-4.5,4.25,,,,
Nepal,5,4.5-5,4.75,,,,
Nepal,6,5-6.25,5.625,,,,
Nepal,7,6.25-7.25,6.75,,,,
Nepal,9,7.5-7.75,7.625,,,,
Netherlands Antilles,5,4.5-5,4.75,,,,
Netherlands Antilles,6,5-6.25,5.625,,,,
Netherlands,1,<=3,2,,,,
Netherlands,2,3-3.5,3.25,,,,
Netherlands,3,3.5-4,3.75,,,,
Netherlands,4,4-4.5,4.25,,,,
New Caledonia,6,5-6.25,5.625,,,,
New Caledonia,7,6.25-7.25,6.75,,,,
New Zealand,1,<=3,2,,,,
New Zealand,2,3-3.5,3.25,,,,
New Zealand,3,3.5-4,3.75,,,,
New Zealand,4,4-4.5,4.25,,,,
New Zealand,5,4.5-5,4.75,,,,
New Zealand,6,5-6.25,5.625,,,,
Nicaragua,1,<=3,2,,,,
Nicaragua,2,3-3.5,3.25,,,,
Nicaragua,3,3.5-4,3.75,,,,
Nicaragua,4,4-4.5,4.25,,,,
Nicaragua,5,4.5-5,4.75,,,,
Nicaragua,6,5-6.25,5.625,,,,
Nicaragua,7,6.25-7.25,6.75,,,,
Niger,3,3.5-4,3.75,,,,
Niger,4,4-4.5,4.25,,,,
Niger,5,4.5-5,4.75,,,,
Niger,6,5-6.25,5.625,,,,
Niger,7,6.25-7.25,6.75,,,,
Nigeria,1,<=3,2,,,,
Nigeria,2,3-3.5,3.25,,,,
Nigeria,3,3.5-4,3.75,,,,
Nigeria,4,4-4.5,4.25,,,,
Nigeria,5,4.5-5,4.75,,,,
Nigeria,6,5-6.25,5.625,,,,
Niue,6,5-6.25,5.625,,,,
Norfolk I.,6,5-6.25,5.625,,,,
North Korea,1,<=3,2,,,,
North Korea,2,3-3.5,3.25,,,,
North Korea,3,3.5-4,3.75,,,,
North Korea,4,4-4.5,4.25,,,,
North Korea,5,4.5-5,4.75,,,,
North Korea,6,5-6.25,5.625,,,,
Northern Mariana Is.,7,6.25-7.25,6.75,,,,
Norway,1,<=3,2,,,,
Norway,2,3-3.5,3.25,,,,
Norway,3,3.5-4,3.75,,,,
Norway,4,4-4.5,4.25,,,,
Oman,4,4-4.5,4.25,,,,
Oman,5,4.5-5,4.75,,,,
Oman,6,5-6.25,5.625,,,,
Oman,7,6.25-7.25,6.75,,,,
Oman,9,7.5-7.75,7.625,,,,
Pakistan,1,<=3,2,,,,
Pakistan,2,3-3.5,3.25,,,,
Pakistan,3,3.5-4,3.75,,,,
Pakistan,4,4-4.5,4.25,,,,
Pakistan,5,4.5-5,4.75,,,,
Pakistan,6,5-6.25,5.625,,,,
Pakistan,7,6.25-7.25,6.75,,,,
Pakistan,8,7.25-7.5,7.375,,,,
Pakistan,9,7.5-7.75,7.625,,,,
Palau,6,5-6.25,5.625,,,,
Panama,2,3-3.5,3.25,,,,
Panama,3,3.5-4,3.75,,,,
Panama,4,4-4.5,4.25,,,,
Panama,5,4.5-5,4.75,,,,
Papua New Guinea,2,3-3.5,3.25,,,,
Papua New Guinea,3,3.5-4,3.75,,,,
Papua New Guinea,4,4-4.5,4.25,,,,
Papua New Guinea,5,4.5-5,4.75,,,,
Papua New Guinea,6,5-6.25,5.625,,,,
Paraguay,5,4.5-5,4.75,,,,
Paraguay,6,5-6.25,5.625,,,,
Peru,1,<=3,2,,,,
Peru,2,3-3.5,3.25,,,,
Peru,3,3.5-4,3.75,,,,
Peru,4,4-4.5,4.25,,,,
Peru,5,4.5-5,4.75,,,,
Peru,6,5-6.25,5.625,,,,
Peru,7,6.25-7.25,6.75,,,,
Peru,8,7.25-7.5,7.375,,,,
Philippines,1,<=3,2,,,,
Philippines,2,3-3.5,3.25,,,,
Philippines,3,3.5-4,3.75,,,,
Philippines,4,4-4.5,4.25,,,,
Philippines,5,4.5-5,4.75,,,,
Philippines,6,5-6.25,5.625,,,,
Philippines,7,6.25-7.25,6.75,,,,
Pitcairn Is.,6,5-6.25,5.625,,,,
Poland,1,<=3,2,,,,
Poland,2,3-3.5,3.25,,,,
Poland,3,3.5-4,3.75,,,,
Poland,4,4-4.5,4.25,,,,
Poland,5,4.5-5,4.75,,,,
Portugal,10,>7.75,9,,,,
Portugal,2,3-3.5,3.25,,,,
Portugal,3,3.5-4,3.75,,,,
Portugal,4,4-4.5,4.25,,,,
Portugal,5,4.5-5,4.75,,,,
Portugal,6,5-6.25,5.625,,,,
Portugal,7,6.25-7.25,6.75,,,,
Portugal,8,7.25-7.5,7.375,,,,
Portugal,9,7.5-7.75,7.625,,,,
Puerto Rico,5,4.5-5,4.75,,,,
Puerto Rico,6,5-6.25,5.625,,,,
Puerto Rico,7,6.25-7.25,6.75,,,,
Qatar,6,5-6.25,5.625,,,,
Qatar,7,6.25-7.25,6.75,,,,
Qatar,8,7.25-7.5,7.375,,,,
Reunion,3,3.5-4,3.75,,,,
Reunion,4,4-4.5,4.25,,,,
Reunion,5,4.5-5,4.75,,,,
Reunion,6,5-6.25,5.625,,,,
Romania,4,4-4.5,4.25,,,,
Romania,5,4.5-5,4.75,,,,
Romania,6,5-6.25,5.625,,,,
Russia,1,<=3,2,,,,
Russia,2,3-3.5,3.25,,,,
Russia,3,3.5-4,3.75,,,,
Russia,4,4-4.5,4.25,,,,
Russia,5,4.5-5,4.75,,,,
Russia,6,5-6.25,5.625,,,,
Russia,7,6.25-7.25,6.75,,,,
Rwanda,1,<=3,2,,,,
Rwanda,2,3-3.5,3.25,,,,
Rwanda,3,3.5-4,3.75,,,,
Samoa,6,5-6.25,5.625,,,,
San Marino,6,5-6.25,5.625,,,,
Sao Tome & Principe,1,<=3,2,,,,
Saudi Arabia,10,>7.75,9,,,,
Saudi Arabia,2,3-3.5,3.25,,,,
Saudi Arabia,3,3.5-4,3.75,,,,
Saudi Arabia,4,4-4.5,4.25,,,,
Saudi Arabia,5,4.5-5,4.75,,,,
Saudi Arabia,6,5-6.25,5.625,,,,
Saudi Arabia,7,6.25-7.25,6.75,,,,
Saudi Arabia,8,7.25-7.5,7.375,,,,
Saudi Arabia,9,7.5-7.75,7.625,,,,
Senegal,1,<=3,2,,,,
Senegal,2,3-3.5,3.25,,,,
Senegal,3,3.5-4,3.75,,,,
Senegal,4,4-4.5,4.25,,,,
Serbia,5,4.5-5,4.75,,,,
Serbia,6,5-6.25,5.625,,,,
Seychelles,3,3.5-4,3.75,,,,
Seychelles,4,4-4.5,4.25,,,,
Sierra Leone,1,<=3,2,,,,
Sierra Leone,2,3-3.5,3.25,,,,
Singapore,3,3.5-4,3.75,,,,
Slovakia,3,3.5-4,3.75,,,,
Slovakia,4,4-4.5,4.25,,,,
Slovakia,5,4.5-5,4.75,,,,
Slovenia,4,4-4.5,4.25,,,,
Slovenia,5,4.5-5,4.75,,,,
Slovenia,6,5-6.25,5.625,,,,
Solomon Is.,4,4-4.5,4.25,,,,
Solomon Is.,5,4.5-5,4.75,,,,
Solomon Is.,6,5-6.25,5.625,,,,
Somalia,3,3.5-4,3.75,,,,
Somalia,4,4-4.5,4.25,,,,
Somalia,5,4.5-5,4.75,,,,
Somalia,6,5-6.25,5.625,,,,
Somalia,7,6.25-7.25,6.75,,,,
South Africa,1,<=3,2,,,,
South Africa,10,>7.75,9,,,,
South Africa,3,3.5-4,3.75,,,,
South Africa,4,4-4.5,4.25,,,,
South Africa,5,4.5-5,4.75,,,,
South Africa,6,5-6.25,5.625,,,,
South Africa,7,6.25-7.25,6.75,,,,
South Africa,8,7.25-7.5,7.375,,,,
South Africa,9,7.5-7.75,7.625,,,,
South Georgia & the South Sandwich Is.,1,<=3,2,,,,
South Korea,1,<=3,2,,,,
South Korea,2,3-3.5,3.25,,,,
South Korea,3,3.5-4,3.75,,,,
South Korea,4,4-4.5,4.25,,,,
South Korea,5,4.5-5,4.75,,,,
South Korea,6,5-6.25,5.625,,,,
Spain,10,>7.75,9,,,,
Spain,2,3-3.5,3.25,,,,
Spain,3,3.5-4,3.75,,,,
Spain,4,4-4.5,4.25,,,,
Spain,5,4.5-5,4.75,,,,
Spain,6,5-6.25,5.625,,,,
Spain,7,6.25-7.25,6.75,,,,
Spain,8,7.25-7.5,7.375,,,,
Spain,9,7.5-7.75,7.625,,,,
Sri Lanka,1,<=3,2,,,,
Sri Lanka,2,3-3.5,3.25,,,,
Sri Lanka,3,3.5-4,3.75,,,,
Sri Lanka,4,4-4.5,4.25,,,,
Sri Lanka,5,4.5-5,4.75,,,,
Sri Lanka,6,5-6.25,5.625,,,,
St. Helena,3,3.5-4,3.75,,,,
St. Helena,6,5-6.25,5.625,,,,
St. Kitts & Nevis,4,4-4.5,4.25,,,,
St. Lucia,3,3.5-4,3.75,,,,
St. Lucia,4,4-4.5,4.25,,,,
St. Pierre & Miquelon,2,3-3.5,3.25,,,,
St. Vincent & the Grenadines,3,3.5-4,3.75,,,,
St. Vincent & the Grenadines,4,4-4.5,4.25,,,,
Sudan,1,<=3,2,,,,
Sudan,2,3-3.5,3.25,,,,
Sudan,3,3.5-4,3.75,,,,
Sudan,4,4-4.5,4.25,,,,
Sudan,5,4.5-5,4.75,,,,
Sudan,6,5-6.25,5.625,,,,
Sudan,7,6.25-7.25,6.75,,,,
Sudan,8,7.25-7.5,7.375,,,,
Sudan,9,7.5-7.75,7.625,,,,
Suriname,4,4-4.5,4.25,,,,
Suriname,5,4.5-5,4.75,,,,
Suriname,7,6.25-7.25,6.75,,,,
Svalbard,1,<=3,2,,,,
Swaziland,5,4.5-5,4.75,,,,
Swaziland,6,5-6.25,5.625,,,,
Sweden,1,<=3,2,,,,
Sweden,2,3-3.5,3.25,,,,
Sweden,3,3.5-4,3.75,,,,
Sweden,4,4-4.5,4.25,,,,
Switzerland,4,4-4.5,4.25,,,,
Switzerland,5,4.5-5,4.75,,,,
Switzerland,6,5-6.25,5.625,,,,
Switzerland,7,6.25-7.25,6.75,,,,
Syria,3,3.5-4,3.75,,,,
Syria,4,4-4.5,4.25,,,,
Syria,5,4.5-5,4.75,,,,
Syria,6,5-6.25,5.625,,,,
Syria,7,6.25-7.25,6.75,,,,
Syria,8,7.25-7.5,7.375,,,,
Tajikistan,1,<=3,2,,,,
Tajikistan,2,3-3.5,3.25,,,,
Tajikistan,3,3.5-4,3.75,,,,
Tajikistan,4,4-4.5,4.25,,,,
Tajikistan,5,4.5-5,4.75,,,,
Tajikistan,6,5-6.25,5.625,,,,
Tajikistan,7,6.25-7.25,6.75,,,,
Tanzania,1,<=3,2,,,,
Tanzania,2,3-3.5,3.25,,,,
Tanzania,3,3.5-4,3.75,,,,
Tanzania,4,4-4.5,4.25,,,,
Tanzania,5,4.5-5,4.75,,,,
Tanzania,6,5-6.25,5.625,,,,
Tanzania,7,6.25-7.25,6.75,,,,
Thailand,2,3-3.5,3.25,,,,
Thailand,3,3.5-4,3.75,,,,
Thailand,4,4-4.5,4.25,,,,
Thailand,5,4.5-5,4.75,,,,
Thailand,6,5-6.25,5.625,,,,
Bahamas,4,4-4.5,4.25,,,,
Bahamas,5,4.5-5,4.75,,,,
Bahamas,6,5-6.25,5.625,,,,
Gambia,2,3-3.5,3.25,,,,
Gambia,3,3.5-4,3.75,,,,
Gambia,4,4-4.5,4.25,,,,
East Timor,6,5-6.25,5.625,,,,
East Timor,7,6.25-7.25,6.75,,,,
East Timor,8,7.25-7.5,7.375,,,,
Togo,1,<=3,2,,,,
Togo,2,3-3.5,3.25,,,,
Togo,3,3.5-4,3.75,,,,
Togo,4,4-4.5,4.25,,,,
Togo,5,4.5-5,4.75,,,,
Tokelau,6,5-6.25,5.625,,,,
Tonga,6,5-6.25,5.625,,,,
Trinidad & Tobago,3,3.5-4,3.75,,,,
Trinidad & Tobago,4,4-4.5,4.25,,,,
Trinidad & Tobago,5,4.5-5,4.75,,,,
Tunisia,3,3.5-4,3.75,,,,
Tunisia,4,4-4.5,4.25,,,,
Tunisia,5,4.5-5,4.75,,,,
Tunisia,6,5-6.25,5.625,,,,
Tunisia,7,6.25-7.25,6.75,,,,
Tunisia,8,7.25-7.5,7.375,,,,
Tunisia,9,7.5-7.75,7.625,,,,
Turkey,1,<=3,2,,,,
Turkey,2,3-3.5,3.25,,,,
Turkey,3,3.5-4,3.75,,,,
Turkey,4,4-4.5,4.25,,,,
Turkey,5,4.5-5,4.75,,,,
Turkey,6,5-6.25,5.625,,,,
Turkey,7,6.25-7.25,6.75,,,,
Turkey,8,7.25-7.5,7.375,,,,
Turkmenistan,3,3.5-4,3.75,,,,
Turkmenistan,4,4-4.5,4.25,,,,
Turkmenistan,5,4.5-5,4.75,,,,
Turkmenistan,6,5-6.25,5.625,,,,
Turks & Caicos Is.,6,5-6.25,5.625,,,,
Tuvalu,5,4.5-5,4.75,,,,
Uganda,1,<=3,2,,,,
Uganda,2,3-3.5,3.25,,,,
Uganda,3,3.5-4,3.75,,,,
Uganda,4,4-4.5,4.25,,,,
Uganda,5,4.5-5,4.75,,,,
Uganda,6,5-6.25,5.625,,,,
Uganda,7,6.25-7.25,6.75,,,,
Ukraine,2,3-3.5,3.25,,,,
Ukraine,3,3.5-4,3.75,,,,
Ukraine,4,4-4.5,4.25,,,,
Ukraine,5,4.5-5,4.75,,,,
Ukraine,6,5-6.25,5.625,,,,
United Arab Emirates,10,>7.75,9,,,,
United Arab Emirates,4,4-4.5,4.25,,,,
United Arab Emirates,5,4.5-5,4.75,,,,
United Arab Emirates,6,5-6.25,5.625,,,,
United Arab Emirates,7,6.25-7.25,6.75,,,,
United Arab Emirates,8,7.25-7.5,7.375,,,,
United Arab Emirates,9,7.5-7.75,7.625,,,,
United Kingdom,1,<=3,2,,,,
United Kingdom,2,3-3.5,3.25,,,,
United Kingdom,3,3.5-4,3.75,,,,
United Kingdom,4,4-4.5,4.25,,,,
United Kingdom,5,4.5-5,4.75,,,,
United States,1,<=3,2,,,,
United States,10,>7.75,9,,,,
United States,2,3-3.5,3.25,,,,
United States,3,3.5-4,3.75,,,,
United States,4,4-4.5,4.25,,,,
United States,5,4.5-5,4.75,,,,
United States,6,5-6.25,5.625,,,,
United States,7,6.25-7.25,6.75,,,,
United States,8,7.25-7.5,7.375,,,,
United States,9,7.5-7.75,7.625,,,,
Uruguay,5,4.5-5,4.75,,,,
Uruguay,6,5-6.25,5.625,,,,
Uzbekistan,2,3-3.5,3.25,,,,
Uzbekistan,3,3.5-4,3.75,,,,
Uzbekistan,4,4-4.5,4.25,,,,
Uzbekistan,5,4.5-5,4.75,,,,
Uzbekistan,6,5-6.25,5.625,,,,
Uzbekistan,7,6.25-7.25,6.75,,,,
Vanuatu,6,5-6.25,5.625,,,,
Vanuatu,7,6.25-7.25,6.75,,,,
Vatican City,6,5-6.25,5.625,,,,
Venezuela,2,3-3.5,3.25,,,,
Venezuela,3,3.5-4,3.75,,,,
Venezuela,4,4-4.5,4.25,,,,
Venezuela,5,4.5-5,4.75,,,,
Venezuela,6,5-6.25,5.625,,,,
Venezuela,7,6.25-7.25,6.75,,,,
Venezuela,8,7.25-7.5,7.375,,,,
Venezuela,9,7.5-7.75,7.625,,,,
Vietnam,1,<=3,2,,,,
Vietnam,2,3-3.5,3.25,,,,
Vietnam,3,3.5-4,3.75,,,,
Vietnam,4,4-4.5,4.25,,,,
Vietnam,5,4.5-5,4.75,,,,
Vietnam,6,5-6.25,5.625,,,,
Virgin Is.,6,5-6.25,5.625,,,,
Wake I.,7,6.25-7.25,6.75,,,,
Wallis & Futuna,6,5-6.25,5.625,,,,
West Bank,6,5-6.25,5.625,,,,
Western Sahara,2,3-3.5,3.25,,,,
Western Sahara,3,3.5-4,3.75,,,,
Western Sahara,4,4-4.5,4.25,,,,
Western Sahara,5,4.5-5,4.75,,,,
Western Sahara,6,5-6.25,5.625,,,,
Yemen,3,3.5-4,3.75,,,,
Yemen,4,4-4.5,4.25,,,,
Yemen,5,4.5-5,4.75,,,,
Yemen,6,5-6.25,5.625,,,,
Yemen,7,6.25-7.25,6.75,,,,
Yemen,8,7.25-7.5,7.375,,,,
Yemen,9,7.5-7.75,7.625,,,,
Zambia,3,3.5-4,3.75,,,,
Zambia,4,4-4.5,4.25,,,,
Zambia,5,4.5-5,4.75,,,,
Zambia,6,5-6.25,5.625,,,,
Zimbabwe,4,4-4.5,4.25,,,,
Zimbabwe,5,4.5-5,4.75,,,,
Zimbabwe,6,5-6.25,5.625,,,,
Zimbabwe,7,6.25-7.25,6.75,,,,
